[
    {
        "Type": "t-shirts",
        "Fabric": "cotton",
        "Color": "white",
        "Size": "XL",
        "Pattern / Style": "null",
        "Style": "casual",
        "Season": "all-season",
        "Function": "everyday wear",
        "Fit": "relaxed fit",
        "Brand Type": "mass-market brands",
        "Gender": "men",
        "Image": "t-shirts_0.jpg",
        "Image_URL": "https://slimages.macysassets.com/is/image/MCY/products/8/optimized/16586618_fpx.tif?op_sharpen=1&wid=700&hei=855&fit=fit,1",
        "Price": 10.99,
        "Listing_Link": "https://www.macys.com/shop/product/snoopy-too-cool-mens-graphic-t-shirt?ID=10529742&isDlp=true",
        "Clothes_ID": 1
    },
    {
        "Type": "t-shirts",
        "Fabric": "cotton",
        "Color": "white",
        "Size": "L",
        "Pattern / Style": "striped",
        "Style": "casual",
        "Season": "summer",
        "Function": "activewear",
        "Fit": "athletic fit",
        "Brand Type": "mass-market brands",
        "Gender": "men",
        "Image": "t-shirts_1.jpg",
        "Image_URL": "https://slimages.macysassets.com/is/image/MCY/products/3/optimized/13336823_fpx.tif?op_sharpen=1&wid=700&hei=855&fit=fit,1",
        "Price": 19.5,
        "Listing_Link": "https://www.macys.com/shop/product/adidas-mens-badge-of-sport-logo-t-shirt?ID=7957915&isDlp=true",
        "Clothes_ID": 2
    },
    {
        "Type": "t-shirts",
        "Fabric": "cotton",
        "Color": "gray",
        "Size": "M",
        "Pattern / Style": "null",
        "Style": "casual",
        "Season": "spring",
        "Function": "casual wear",
        "Fit": "relaxed fit",
        "Brand Type": "mass-market brands",
        "Gender": "men",
        "Image": "t-shirts_2.jpg",
        "Image_URL": "https://slimages.macysassets.com/is/image/MCY/products/4/optimized/27376074_fpx.tif?op_sharpen=1&wid=700&hei=855&fit=fit,1",
        "Price": 19.99,
        "Listing_Link": "https://www.macys.com/shop/product/the-north-face-mens-short-sleeve-box-logo-t-shirt?ID=16630527&isDlp=true",
        "Clothes_ID": 3
    },
    {
        "Type": "t-shirts",
        "Fabric": "cotton",
        "Color": "black",
        "Size": "M",
        "Pattern / Style": "solid colors",
        "Style": "casual",
        "Season": "all-season",
        "Function": "casual wear",
        "Fit": "relaxed fit",
        "Brand Type": "mass-market brands",
        "Gender": "men",
        "Image": "t-shirts_3.jpg",
        "Image_URL": "https://slimages.macysassets.com/is/image/MCY/products/0/optimized/19764800_fpx.tif?op_sharpen=1&wid=700&hei=855&fit=fit,1",
        "Price": 19.99,
        "Listing_Link": "https://www.macys.com/shop/product/mens-organic-longline-t-shirt?ID=12994624&isDlp=true",
        "Clothes_ID": 4
    },
    {
        "Type": "t-shirts",
        "Fabric": "cotton",
        "Color": "white",
        "Size": "M",
        "Pattern / Style": "null",
        "Style": "casual",
        "Season": "all-season",
        "Function": "casual wear",
        "Fit": "relaxed fit",
        "Brand Type": "mass-market brands",
        "Gender": "men",
        "Image": "t-shirts_4.jpg",
        "Image_URL": "https://slimages.macysassets.com/is/image/MCY/products/6/optimized/25977816_fpx.tif?op_sharpen=1&wid=700&hei=855&fit=fit,1",
        "Price": 20.99,
        "Listing_Link": "https://www.macys.com/shop/product/mens-white-alice-in-chains-seattle-stamp-t-shirt?ID=17010947&isDlp=true",
        "Clothes_ID": 5
    },
    {
        "Type": "blouses",
        "Fabric": "polyester",
        "Color": "orange",
        "Size": "S",
        "Pattern / Style": "solid colors",
        "Style": "casual",
        "Season": "spring",
        "Function": "everyday wear",
        "Fit": "slim fit",
        "Brand Type": "mass-market brands",
        "Gender": "female",
        "Image": "blouses_0.jpg",
        "Image_URL": "https://slimages.macysassets.com/is/image/MCY/products/4/optimized/27242564_fpx.tif?op_sharpen=1&wid=700&hei=855&fit=fit,1",
        "Price": 28.99,
        "Listing_Link": "https://www.macys.com/shop/product/bar-iii-womens-sleeveless-tie-neck-blouse-created-for-macys?ID=17968633&isDlp=true",
        "Clothes_ID": 6
    },
    {
        "Type": "blouses",
        "Fabric": "polyester",
        "Color": "white",
        "Size": "M",
        "Pattern / Style": "solid colors",
        "Style": "casual",
        "Season": "spring",
        "Function": "casual wear",
        "Fit": "slim fit",
        "Brand Type": "mass-market brands",
        "Gender": "female",
        "Image": "blouses_1.jpg",
        "Image_URL": "https://slimages.macysassets.com/is/image/MCY/products/5/optimized/22838315_fpx.tif?op_sharpen=1&wid=700&hei=855&fit=fit,1",
        "Price": 69.0,
        "Listing_Link": "https://www.macys.com/shop/product/cece-womens-contrast-trimmed-flutter-sleeve-blouse?ID=14891631&isDlp=true",
        "Clothes_ID": 7
    },
    {
        "Type": "blouses",
        "Fabric": "rayon",
        "Color": "black",
        "Size": "M",
        "Pattern / Style": "solid colors",
        "Style": "casual",
        "Season": "spring",
        "Function": "everyday wear",
        "Fit": "slim fit",
        "Brand Type": "mass-market brands",
        "Gender": "female",
        "Image": "blouses_2.jpg",
        "Image_URL": "https://slimages.macysassets.com/is/image/MCY/products/6/optimized/26911616_fpx.tif?op_sharpen=1&wid=700&hei=855&fit=fit,1",
        "Price": 69.0,
        "Listing_Link": "https://www.macys.com/shop/product/donna-karan-womens-sleeveless-v-neck-top?ID=17675790&isDlp=true",
        "Clothes_ID": 8
    },
    {
        "Type": "blouses",
        "Fabric": "polyester",
        "Color": "blue",
        "Size": "l",
        "Pattern / Style": "solid colors",
        "Style": "formal",
        "Season": "spring",
        "Function": "party wear",
        "Fit": "relaxed fit",
        "Brand Type": "mass-market brands",
        "Gender": "female",
        "Image": "blouses_3.jpg",
        "Image_URL": "https://slimages.macysassets.com/is/image/MCY/products/0/optimized/21775470_fpx.tif?op_sharpen=1&wid=700&hei=855&fit=fit,1",
        "Price": 89.0,
        "Listing_Link": "https://www.macys.com/shop/product/msk-womens-beaded-overlay-cape-top?ID=14095451&isDlp=true",
        "Clothes_ID": 9
    },
    {
        "Type": "blouses",
        "Fabric": "polyester",
        "Color": "white",
        "Size": "S",
        "Pattern / Style": "abstract",
        "Style": "casual",
        "Season": "spring",
        "Function": "casual wear",
        "Fit": "relaxed fit",
        "Brand Type": "mass-market brands",
        "Gender": "female",
        "Image": "blouses_4.jpg",
        "Image_URL": "https://slimages.macysassets.com/is/image/MCY/products/2/optimized/21352712_fpx.tif?op_sharpen=1&wid=700&hei=855&fit=fit,1",
        "Price": 69.5,
        "Listing_Link": "https://www.macys.com/shop/product/calvin-klein-long-sleeve-logo-button-front-blouse?ID=10212497&isDlp=true",
        "Clothes_ID": 10
    },
    {
        "Type": "shirts",
        "Fabric": "cotton",
        "Color": "blue",
        "Size": "S",
        "Pattern / Style": "solid colors",
        "Style": "formal",
        "Season": "all-season",
        "Function": "workwear",
        "Fit": "regular fit",
        "Brand Type": "luxury brands",
        "Gender": "men",
        "Image": "shirts_0.jpg",
        "Image_URL": "https://slimages.macysassets.com/is/image/MCY/products/4/optimized/3346694_fpx.tif?op_sharpen=1&wid=700&hei=855&fit=fit,1",
        "Price": 39.75,
        "Listing_Link": "https://www.macys.com/shop/product/calvin-klein-steel-mens-classic-fit-non-iron-performance-herringbone-dress-shirt?ID=2607206&isDlp=true",
        "Clothes_ID": 11
    },
    {
        "Type": "shirts",
        "Fabric": "cotton",
        "Color": "red",
        "Size": "M",
        "Pattern / Style": "solid colors",
        "Style": "casual",
        "Season": "spring",
        "Function": "everyday wear",
        "Fit": "slim fit",
        "Brand Type": "mass-market brands",
        "Gender": "men",
        "Image": "shirts_1.jpg",
        "Image_URL": "https://slimages.macysassets.com/is/image/MCY/products/5/optimized/21617365_fpx.tif?op_sharpen=1&wid=700&hei=855&fit=fit,1",
        "Price": 47.99,
        "Listing_Link": "https://www.macys.com/shop/product/nautica-mens-classic-fit-deck-polo-shirt?ID=10400567&isDlp=true",
        "Clothes_ID": 12
    },
    {
        "Type": "shirts",
        "Fabric": "cotton",
        "Color": "green",
        "Size": "S",
        "Pattern / Style": "solid colors",
        "Style": "casual",
        "Season": "all-season",
        "Function": "everyday wear",
        "Fit": "slim fit",
        "Brand Type": "luxury brands",
        "Gender": "men",
        "Image": "shirts_3.jpg",
        "Image_URL": "https://slimages.macysassets.com/is/image/MCY/products/8/optimized/25981148_fpx.tif?op_sharpen=1&wid=700&hei=855&fit=fit,1",
        "Price": 79.99,
        "Listing_Link": "https://www.macys.com/shop/product/polo-ralph-lauren-mens-the-iconic-cotton-oxford-shirt?ID=15912848&isDlp=true",
        "Clothes_ID": 13
    },
    {
        "Type": "shirts",
        "Fabric": "cotton",
        "Color": "black",
        "Size": "M",
        "Pattern / Style": "solid colors",
        "Style": "casual",
        "Season": "all-season",
        "Function": "casual wear",
        "Fit": "slim fit",
        "Brand Type": "mass-market brands",
        "Gender": "men",
        "Image": "shirts_4.jpg",
        "Image_URL": "https://slimages.macysassets.com/is/image/MCY/products/7/optimized/26076197_fpx.tif?op_sharpen=1&wid=700&hei=855&fit=fit,1",
        "Price": 33.99,
        "Listing_Link": "https://www.macys.com/shop/product/tommy-hilfiger-mens-1985-slim-fit-polo-shirt?ID=13938238&isDlp=true",
        "Clothes_ID": 14
    },
    {
        "Type": "tank tops",
        "Fabric": "cotton",
        "Color": "blue",
        "Size": "S",
        "Pattern / Style": "null",
        "Style": "casual",
        "Season": "summer",
        "Function": "activewear",
        "Fit": "athletic fit",
        "Brand Type": "mass-market brands",
        "Gender": "men",
        "Image": "tank tops_0.jpg",
        "Image_URL": "https://slimages.macysassets.com/is/image/MCY/products/5/optimized/27447225_fpx.tif?op_sharpen=1&wid=700&hei=855&fit=fit,1",
        "Price": 16.99,
        "Listing_Link": "https://www.macys.com/shop/product/nike-mens-sportswear-logo-tank-top?ID=6680555&isDlp=true",
        "Clothes_ID": 15
    },
    {
        "Type": "tank tops",
        "Fabric": "cotton",
        "Color": "white",
        "Size": "M",
        "Pattern / Style": "stripes",
        "Style": "casual",
        "Season": "summer",
        "Function": "casual wear",
        "Fit": "relaxed fit",
        "Brand Type": "mass-market brands",
        "Gender": "female",
        "Image": "tank tops_1.jpg",
        "Image_URL": "https://slimages.macysassets.com/is/image/MCY/products/2/optimized/27759052_fpx.tif?op_sharpen=1&wid=700&hei=855&fit=fit,1",
        "Price": 34.95,
        "Listing_Link": "https://www.macys.com/shop/product/lands-end-womens-slub-tank-top?ID=18383459&isDlp=true",
        "Clothes_ID": 16
    },
    {
        "Type": "tank tops",
        "Fabric": "spandex",
        "Color": "gray",
        "Size": "L",
        "Pattern / Style": "solid colors",
        "Style": "casual",
        "Season": "all-season",
        "Function": "casual wear",
        "Fit": "relaxed fit",
        "Brand Type": "mass-market brands",
        "Gender": "female",
        "Image": "tank tops_2.jpg",
        "Image_URL": "https://slimages.macysassets.com/is/image/MCY/products/3/optimized/24486883_fpx.tif?op_sharpen=1&wid=700&hei=855&fit=fit,1",
        "Price": 25.95,
        "Listing_Link": "https://www.macys.com/shop/product/lands-end-womens-tall-cotton-tank-top?ID=16176057&isDlp=true",
        "Clothes_ID": 17
    },
    {
        "Type": "tank tops",
        "Fabric": "cotton",
        "Color": "white",
        "Size": "S",
        "Pattern / Style": "solid colors",
        "Style": "casual",
        "Season": "summer",
        "Function": "casual wear",
        "Fit": "relaxed fit",
        "Brand Type": "mass-market brands",
        "Gender": "female",
        "Image": "tank tops_3.jpg",
        "Image_URL": "https://slimages.macysassets.com/is/image/MCY/products/8/optimized/28058988_fpx.tif?op_sharpen=1&wid=700&hei=855&fit=fit,1",
        "Price": 39.5,
        "Listing_Link": "https://www.macys.com/shop/product/lucky-brand-womens-cotton-henley-tank-top?ID=18307605&isDlp=true",
        "Clothes_ID": 18
    },
    {
        "Type": "tank tops",
        "Fabric": "cotton",
        "Color": "white",
        "Size": "M",
        "Pattern / Style": "solid colors",
        "Style": "casual",
        "Season": "all-season",
        "Function": "everyday wear",
        "Fit": "athletic fit",
        "Brand Type": "mass-market brands",
        "Gender": "men",
        "Image": "tank tops_4.jpg",
        "Image_URL": "https://slimages.macysassets.com/is/image/MCY/products/1/optimized/21402761_fpx.tif?op_sharpen=1&wid=700&hei=855&fit=fit,1",
        "Price": 21.0,
        "Listing_Link": "https://www.macys.com/shop/product/hanes-mens-ultimate-comfortsoft-7-pk.-moisture-wicking-cotton-tanks?ID=13801443&isDlp=true",
        "Clothes_ID": 19
    },
    {
        "Type": "sweaters",
        "Fabric": "cotton",
        "Color": "white",
        "Size": "M",
        "Pattern / Style": "solid colors",
        "Style": "casual",
        "Season": "spring",
        "Function": "everyday wear",
        "Fit": "slim fit",
        "Brand Type": "mass-market brands",
        "Gender": "female",
        "Image": "sweaters_0.jpg",
        "Image_URL": "https://slimages.macysassets.com/is/image/MCY/products/2/optimized/26399992_fpx.tif?op_sharpen=1&wid=700&hei=855&fit=fit,1",
        "Price": 24.75,
        "Listing_Link": "https://www.macys.com/shop/product/on-34th-womens-solid-crewneck-cardigan-created-for-macys?ID=17022032&isDlp=true",
        "Clothes_ID": 20
    },
    {
        "Type": "sweaters",
        "Fabric": "cotton",
        "Color": "pink",
        "Size": "M",
        "Pattern / Style": "solid colors",
        "Style": "casual",
        "Season": "spring",
        "Function": "casual wear",
        "Fit": "relaxed fit",
        "Brand Type": "mass-market brands",
        "Gender": "girls",
        "Image": "sweaters_1.jpg",
        "Image_URL": "https://slimages.macysassets.com/is/image/MCY/products/0/optimized/26626160_fpx.tif?op_sharpen=1&wid=700&hei=855&fit=fit,1",
        "Price": 21.0,
        "Listing_Link": "https://www.macys.com/shop/product/epic-threads-big-girls-solid-knit-cardigan-created-for-macys?ID=16918888&isDlp=true",
        "Clothes_ID": 21
    },
    {
        "Type": "sweaters",
        "Fabric": "cashmere",
        "Color": "green",
        "Size": "S",
        "Pattern / Style": "stripes",
        "Style": "casual",
        "Season": "autumn",
        "Function": "casual wear",
        "Fit": "relaxed fit",
        "Brand Type": "mass-market brands",
        "Gender": "men",
        "Image": "sweaters_2.jpg",
        "Image_URL": "https://slimages.macysassets.com/is/image/MCY/products/7/optimized/24715807_fpx.tif?op_sharpen=1&wid=700&hei=855&fit=fit,1",
        "Price": 18.66,
        "Listing_Link": "https://www.macys.com/shop/product/club-room-mens-v-neck-merino-cricket-sweater-created-for-macys?ID=16247251&isDlp=true",
        "Clothes_ID": 22
    },
    {
        "Type": "sweaters",
        "Fabric": "cotton",
        "Color": "black",
        "Size": "M",
        "Pattern / Style": "geometric",
        "Style": "casual",
        "Season": "autumn",
        "Function": "everyday wear",
        "Fit": "relaxed fit",
        "Brand Type": "mass-market brands",
        "Gender": "women",
        "Image": "sweaters_3.jpg",
        "Image_URL": "https://slimages.macysassets.com/is/image/MCY/products/6/optimized/27050456_fpx.tif?op_sharpen=1&wid=700&hei=855&fit=fit,1",
        "Price": 29.75,
        "Listing_Link": "https://www.macys.com/shop/product/style-co-petite-open-stitch-long-sleeve-cardigan-created-for-macys?ID=17150947&isDlp=true",
        "Clothes_ID": 23
    },
    {
        "Type": "sweaters",
        "Fabric": "polyester",
        "Color": "gray",
        "Size": "S",
        "Pattern / Style": "solid colors",
        "Style": "casual",
        "Season": "spring",
        "Function": "casual wear",
        "Fit": "relaxed fit",
        "Brand Type": "mass-market brands",
        "Gender": "female",
        "Image": "sweaters_4.jpg",
        "Image_URL": "https://slimages.macysassets.com/is/image/MCY/products/1/optimized/26895261_fpx.tif?op_sharpen=1&wid=700&hei=855&fit=fit,1",
        "Price": 23.8,
        "Listing_Link": "https://www.macys.com/shop/product/jm-collection-womens-button-sleeve-flyaway-cardigan-created-for-macys?ID=15531684&isDlp=true",
        "Clothes_ID": 24
    },
    {
        "Type": "hoodies",
        "Fabric": "cotton blend",
        "Color": "blue",
        "Size": "M",
        "Pattern / Style": "solid colors",
        "Style": "casual",
        "Season": "autumn",
        "Function": "casual wear",
        "Fit": "relaxed fit",
        "Brand Type": "luxury brands",
        "Gender": "male",
        "Image": "hoodies_0.jpg",
        "Image_URL": "https://slimages.macysassets.com/is/image/MCY/products/9/optimized/26337669_fpx.tif?op_sharpen=1&wid=700&hei=855&fit=fit,1",
        "Price": 138.0,
        "Listing_Link": "https://www.macys.com/shop/product/polo-ralph-lauren-mens-double-knit-full-zip-hoodie?ID=14030498&isDlp=true",
        "Clothes_ID": 25
    },
    {
        "Type": "hoodies",
        "Fabric": "cotton",
        "Color": "white",
        "Size": "M",
        "Pattern / Style": "striped",
        "Style": "casual",
        "Season": "all-season",
        "Function": "casual wear",
        "Fit": "relaxed fit",
        "Brand Type": "mass-market brands",
        "Gender": "men",
        "Image": "hoodies_1.jpg",
        "Image_URL": "https://slimages.macysassets.com/is/image/MCY/products/8/optimized/26352358_fpx.tif?op_sharpen=1&wid=700&hei=855&fit=fit,1",
        "Price": 27.5,
        "Listing_Link": "https://www.macys.com/shop/product/champion-mens-classic-standard-fit-logo-embroidered-fleece-hoodie?ID=17268224&isDlp=true",
        "Clothes_ID": 26
    },
    {
        "Type": "hoodies",
        "Fabric": "polyester",
        "Color": "green",
        "Size": "M",
        "Pattern / Style": "null",
        "Style": "casual",
        "Season": "autumn",
        "Function": "activewear",
        "Fit": "relaxed fit",
        "Brand Type": "mass-market brands",
        "Gender": "male",
        "Image": "hoodies_2.jpg",
        "Image_URL": "https://slimages.macysassets.com/is/image/MCY/products/8/optimized/26872388_fpx.tif?op_sharpen=1&wid=700&hei=855&fit=fit,1",
        "Price": 43.99,
        "Listing_Link": "https://www.macys.com/shop/product/nike-mens-club-fleece-stacked-logo-print-hoodie?ID=16497911&isDlp=true",
        "Clothes_ID": 27
    },
    {
        "Type": "hoodies",
        "Fabric": "spandex",
        "Color": "black",
        "Size": "M",
        "Pattern / Style": "striped",
        "Style": "casual",
        "Season": "all-season",
        "Function": "activewear",
        "Fit": "relaxed fit",
        "Brand Type": "mass-market brands",
        "Gender": "female",
        "Image": "hoodies_3.jpg",
        "Image_URL": "https://slimages.macysassets.com/is/image/MCY/products/8/optimized/27340618_fpx.tif?op_sharpen=1&wid=700&hei=855&fit=fit,1",
        "Price": 24.99,
        "Listing_Link": "https://www.macys.com/shop/product/dkny-womens-exploded-logo-front-zip-hoodie?ID=17985197&isDlp=true",
        "Clothes_ID": 28
    },
    {
        "Type": "hoodies",
        "Fabric": "cotton",
        "Color": "gray",
        "Size": "XL",
        "Pattern / Style": "solid colors",
        "Style": "casual",
        "Season": "autumn",
        "Function": "casual wear",
        "Fit": "relaxed fit",
        "Brand Type": "mass-market brands",
        "Gender": "men",
        "Image": "hoodies_4.jpg",
        "Image_URL": "https://slimages.macysassets.com/is/image/MCY/products/9/optimized/26421509_fpx.tif?op_sharpen=1&wid=700&hei=855&fit=fit,1",
        "Price": 70.0,
        "Listing_Link": "https://www.macys.com/shop/product/nike-mens-sportswear-club-fleece-graphic-pullover-hoodie?ID=8038091&isDlp=true",
        "Clothes_ID": 29
    },
    {
        "Type": "jackets",
        "Fabric": "denim",
        "Color": "blue",
        "Size": "S",
        "Pattern / Style": "solid colors",
        "Style": "casual",
        "Season": "spring",
        "Function": "everyday wear",
        "Fit": "slim fit",
        "Brand Type": "mass-market brands",
        "Gender": "women",
        "Image": "jackets_0.jpg",
        "Image_URL": "https://slimages.macysassets.com/is/image/MCY/products/2/optimized/24545762_fpx.tif?op_sharpen=1&wid=700&hei=855&fit=fit,1",
        "Price": 44.75,
        "Listing_Link": "https://www.macys.com/shop/product/style-co-womens-hooded-anorak-pp-4x-created-for-macys?ID=16190814&isDlp=true",
        "Clothes_ID": 30
    },
    {
        "Type": "jackets",
        "Fabric": "polyester",
        "Color": "blue",
        "Size": "S",
        "Pattern / Style": "solid colors",
        "Style": "formal",
        "Season": "all-season",
        "Function": "workwear",
        "Fit": "slim fit",
        "Brand Type": "mass-market brands",
        "Gender": "female",
        "Image": "jackets_1.jpg",
        "Image_URL": "https://slimages.macysassets.com/is/image/MCY/products/7/optimized/27263117_fpx.tif?op_sharpen=1&wid=700&hei=855&fit=fit,1",
        "Price": 169.0,
        "Listing_Link": "https://www.macys.com/shop/product/tommy-hilfiger-womens-layered-look-notched-collar-jacket?ID=17927184&isDlp=true",
        "Clothes_ID": 31
    },
    {
        "Type": "jackets",
        "Fabric": "polyester",
        "Color": "black",
        "Size": "S",
        "Pattern / Style": "null",
        "Style": "casual",
        "Season": "spring",
        "Function": "outerwear",
        "Fit": "relaxed fit",
        "Brand Type": "mass-market brands",
        "Gender": "female",
        "Image": "jackets_2.jpg",
        "Image_URL": "https://slimages.macysassets.com/is/image/MCY/products/5/optimized/8153815_fpx.tif?op_sharpen=1&wid=700&hei=855&fit=fit,1",
        "Price": 74.99,
        "Listing_Link": "https://www.macys.com/shop/product/columbia-womens-omni-tech-arcadia-ii-rain-jacket?ID=5475755&isDlp=true",
        "Clothes_ID": 32
    },
    {
        "Type": "jackets",
        "Fabric": "cotton",
        "Color": "green",
        "Size": "M",
        "Pattern / Style": "null",
        "Style": "casual",
        "Season": "spring",
        "Function": "outerwear",
        "Fit": "relaxed fit",
        "Brand Type": "mass-market brands",
        "Gender": "female",
        "Image": "jackets_3.jpg",
        "Image_URL": "https://slimages.macysassets.com/is/image/MCY/products/7/optimized/10241247_fpx.tif?op_sharpen=1&wid=700&hei=855&fit=fit,1",
        "Price": 49.5,
        "Listing_Link": "https://www.macys.com/shop/product/lucky-brand-cargo-jacket?ID=4993858&isDlp=true",
        "Clothes_ID": 33
    },
    {
        "Type": "jackets",
        "Fabric": "polyester",
        "Color": "white",
        "Size": "S",
        "Pattern / Style": "null",
        "Style": "casual",
        "Season": "spring",
        "Function": "casual wear",
        "Fit": "relaxed fit",
        "Brand Type": "mass-market brands",
        "Gender": "female",
        "Image": "jackets_4.jpg",
        "Image_URL": "https://slimages.macysassets.com/is/image/MCY/products/3/optimized/22813663_fpx.tif?op_sharpen=1&wid=700&hei=855&fit=fit,1",
        "Price": 36.75,
        "Listing_Link": "https://www.macys.com/shop/product/skechers-womens-gowalk-ribbed-hoodless-jacket?ID=12947734&isDlp=true",
        "Clothes_ID": 34
    },
    {
        "Type": "coats",
        "Fabric": "nylon",
        "Color": "blue",
        "Size": "M",
        "Pattern / Style": "null",
        "Style": "casual",
        "Season": "winter",
        "Function": "outerwear",
        "Fit": "relaxed fit",
        "Brand Type": "mass-market brands",
        "Gender": "female",
        "Image": "coats_0.jpg",
        "Image_URL": "https://slimages.macysassets.com/is/image/MCY/products/0/optimized/24233950_fpx.tif?op_sharpen=1&wid=700&hei=855&fit=fit,1",
        "Price": 125.0,
        "Listing_Link": "https://www.macys.com/shop/product/charter-club-womens-packable-hooded-puffer-coat-created-for-macys?ID=17905622&isDlp=true",
        "Clothes_ID": 35
    },
    {
        "Type": "coats",
        "Fabric": "wool",
        "Color": "black",
        "Size": "S",
        "Pattern / Style": "solid colors",
        "Style": "casual",
        "Season": "winter",
        "Function": "outerwear",
        "Fit": "relaxed fit",
        "Brand Type": "mass-market brands",
        "Gender": "women",
        "Image": "coats_1.jpg",
        "Image_URL": "https://slimages.macysassets.com/is/image/MCY/products/4/optimized/14444104_fpx.tif?op_sharpen=1&wid=700&hei=855&fit=fit,1",
        "Price": 420.0,
        "Listing_Link": "https://www.macys.com/shop/product/cole-haan-womens-wool-blend-belted-wrap-coat?ID=11184392&isDlp=true",
        "Clothes_ID": 36
    },
    {
        "Type": "coats",
        "Fabric": "polyester",
        "Color": "blue",
        "Size": "M",
        "Pattern / Style": "solid colors",
        "Style": "casual",
        "Season": "winter",
        "Function": "outerwear",
        "Fit": "relaxed fit",
        "Brand Type": "mass-market brands",
        "Gender": "men",
        "Image": "coats_2.jpg",
        "Image_URL": "https://slimages.macysassets.com/is/image/MCY/products/3/optimized/25853313_fpx.tif?op_sharpen=1&wid=700&hei=855&fit=fit,1",
        "Price": 70.0,
        "Listing_Link": "https://www.macys.com/shop/product/columbia-mens-puffect-hooded-jacket?ID=15481327&isDlp=true",
        "Clothes_ID": 37
    },
    {
        "Type": "coats",
        "Fabric": "polyester",
        "Color": "black",
        "Size": "S",
        "Pattern / Style": "null",
        "Style": "casual",
        "Season": "winter",
        "Function": "outerwear",
        "Fit": "relaxed fit",
        "Brand Type": "mass-market brands",
        "Gender": "female",
        "Image": "coats_3.jpg",
        "Image_URL": "https://slimages.macysassets.com/is/image/MCY/products/3/optimized/19480123_fpx.tif?op_sharpen=1&wid=700&hei=855&fit=fit,1",
        "Price": 149.99,
        "Listing_Link": "https://www.macys.com/shop/product/kenneth-cole-womens-hooded-anorak-coat?ID=12459457&isDlp=true",
        "Clothes_ID": 38
    },
    {
        "Type": "coats",
        "Fabric": "nylon",
        "Color": "brown",
        "Size": "M",
        "Pattern / Style": "solid colors",
        "Style": "casual",
        "Season": "winter",
        "Function": "outerwear",
        "Fit": "relaxed fit",
        "Brand Type": "mass-market brands",
        "Gender": "female",
        "Image": "coats_4.jpg",
        "Image_URL": "https://slimages.macysassets.com/is/image/MCY/products/2/optimized/24685342_fpx.tif?op_sharpen=1&wid=700&hei=855&fit=fit,1",
        "Price": 149.99,
        "Listing_Link": "https://www.macys.com/shop/product/calvin-klein-womens-hooded-stretch-puffer-coat-created-for-macys?ID=16085340&isDlp=true",
        "Clothes_ID": 39
    },
    {
        "Type": "jeans",
        "Fabric": "denim",
        "Color": "blue",
        "Size": "M",
        "Pattern / Style": "null",
        "Style": "casual",
        "Season": "all-season",
        "Function": "everyday wear",
        "Fit": "relaxed fit",
        "Brand Type": "mass-market brands",
        "Gender": "female",
        "Image": "jeans_0.jpg",
        "Image_URL": "https://slimages.macysassets.com/is/image/MCY/products/9/optimized/27243429_fpx.tif?op_sharpen=1&wid=700&hei=855&fit=fit,1",
        "Price": 69.99,
        "Listing_Link": "https://www.macys.com/shop/product/levis-womens-super-low-double-button-relaxed-fit-denim-jean?ID=16816952&isDlp=true",
        "Clothes_ID": 40
    },
    {
        "Type": "jeans",
        "Fabric": "denim",
        "Color": "blue",
        "Size": "S",
        "Pattern / Style": "null",
        "Style": "casual",
        "Season": "all-season",
        "Function": "everyday wear",
        "Fit": "slim fit",
        "Brand Type": "mass-market brands",
        "Gender": "female",
        "Image": "jeans_1.jpg",
        "Image_URL": "https://slimages.macysassets.com/is/image/MCY/products/3/optimized/23035233_fpx.tif?op_sharpen=1&wid=700&hei=855&fit=fit,1",
        "Price": 108.0,
        "Listing_Link": "https://www.macys.com/shop/product/guess-womens-sexy-mid-rise-bootcut-jeans?ID=14833041&isDlp=true",
        "Clothes_ID": 41
    },
    {
        "Type": "jeans",
        "Fabric": "denim",
        "Color": "blue",
        "Size": "M",
        "Pattern / Style": "null",
        "Style": "casual",
        "Season": "all-season",
        "Function": "everyday wear",
        "Fit": "slim fit",
        "Brand Type": "mass-market brands",
        "Gender": "female",
        "Image": "jeans_2.jpg",
        "Image_URL": "https://slimages.macysassets.com/is/image/MCY/products/6/optimized/22281626_fpx.tif?op_sharpen=1&wid=700&hei=855&fit=fit,1",
        "Price": 34.75,
        "Listing_Link": "https://www.macys.com/shop/product/hi-rise-slim-whisper-soft-27-jeans?ID=11764895&isDlp=true",
        "Clothes_ID": 42
    },
    {
        "Type": "jeans",
        "Fabric": "denim",
        "Color": "blue",
        "Size": "M",
        "Pattern / Style": "null",
        "Style": "casual",
        "Season": "all-season",
        "Function": "everyday wear",
        "Fit": "relaxed fit",
        "Brand Type": "heritage brands",
        "Gender": "men",
        "Image": "jeans_3.jpg",
        "Image_URL": "https://slimages.macysassets.com/is/image/MCY/products/9/optimized/3585829_fpx.tif?op_sharpen=1&wid=700&hei=855&fit=fit,1",
        "Price": 69.99,
        "Listing_Link": "https://www.macys.com/shop/product/levis-mens-501-original-fit-button-fly-stretch-jeans?ID=603963&isDlp=true",
        "Clothes_ID": 43
    },
    {
        "Type": "jeans",
        "Fabric": "denim",
        "Color": "blue",
        "Size": "S",
        "Pattern / Style": "null",
        "Style": "casual",
        "Season": "all-season",
        "Function": "null",
        "Fit": "slim fit",
        "Brand Type": "mass-market brands",
        "Gender": "female",
        "Image": "jeans_4.jpg",
        "Image_URL": "https://slimages.macysassets.com/is/image/MCY/products/6/optimized/22281626_fpx.tif?op_sharpen=1&wid=700&hei=855&fit=fit,1",
        "Price": 34.75,
        "Listing_Link": "https://www.macys.com/shop/product/hi-rise-slim-whisper-soft-27-jeans?ID=11764895&isDlp=true",
        "Clothes_ID": 44
    },
    {
        "Type": "shorts",
        "Fabric": "spandex",
        "Color": "black",
        "Size": "M",
        "Pattern / Style": "null",
        "Style": "casual",
        "Season": "all-season",
        "Function": "everyday wear",
        "Fit": "slim fit",
        "Brand Type": "mass-market brands",
        "Gender": "female",
        "Image": "shorts_0.jpg",
        "Image_URL": "https://slimages.macysassets.com/is/image/MCY/products/5/optimized/23911705_fpx.tif?op_sharpen=1&wid=700&hei=855&fit=fit,1",
        "Price": 19.8,
        "Listing_Link": "https://www.macys.com/shop/product/i.n.c.-international-concepts-womens-mid-rise-pull-on-bermuda-shorts-created-for-macys?ID=11818507&isDlp=true",
        "Clothes_ID": 45
    },
    {
        "Type": "shorts",
        "Fabric": "polyester",
        "Color": "black",
        "Size": "M",
        "Pattern / Style": "solid colors",
        "Style": "casual",
        "Season": "summer",
        "Function": "activewear",
        "Fit": "slim fit",
        "Brand Type": "mass-market brands",
        "Gender": "men",
        "Image": "shorts_1.jpg",
        "Image_URL": "https://slimages.macysassets.com/is/image/MCY/products/7/optimized/27331757_fpx.tif?op_sharpen=1&wid=700&hei=855&fit=fit,1",
        "Price": 54.0,
        "Listing_Link": "https://www.macys.com/shop/product/timeless-beach-short?ID=18054873&isDlp=true",
        "Clothes_ID": 46
    },
    {
        "Type": "shorts",
        "Fabric": "cotton",
        "Color": "white",
        "Size": "M",
        "Pattern / Style": "solid colors",
        "Style": "casual",
        "Season": "summer",
        "Function": "everyday wear",
        "Fit": "slim fit",
        "Brand Type": "mass-market brands",
        "Gender": "men",
        "Image": "shorts_2.jpg",
        "Image_URL": "https://slimages.macysassets.com/is/image/MCY/products/9/optimized/9465449_fpx.tif?op_sharpen=1&wid=700&hei=855&fit=fit,1",
        "Price": 89.5,
        "Listing_Link": "https://www.macys.com/shop/product/polo-ralph-lauren-mens-relaxed-fit-twill-10-short?ID=5346154&isDlp=true",
        "Clothes_ID": 47
    },
    {
        "Type": "shorts",
        "Fabric": "polyester",
        "Color": "white",
        "Size": "XL",
        "Pattern / Style": "null",
        "Style": "casual",
        "Season": "spring",
        "Function": "activewear",
        "Fit": "relaxed fit",
        "Brand Type": "mass-market brands",
        "Gender": "male",
        "Image": "shorts_3.jpg",
        "Image_URL": "https://slimages.macysassets.com/is/image/MCY/products/3/optimized/27134043_fpx.tif?op_sharpen=1&wid=700&hei=855&fit=fit,1",
        "Price": 25.99,
        "Listing_Link": "https://www.macys.com/shop/product/nike-mens-club-relaxed-fit-logo-embroidered-shorts-regular-big-tall?ID=16497995&isDlp=true",
        "Clothes_ID": 48
    },
    {
        "Type": "shorts",
        "Fabric": "spandex",
        "Color": "beige",
        "Size": "M",
        "Pattern / Style": "solid colors",
        "Style": "casual",
        "Season": "summer",
        "Function": "activewear",
        "Fit": "relaxed fit",
        "Brand Type": "mass-market brands",
        "Gender": "male",
        "Image": "shorts_4.jpg",
        "Image_URL": "https://slimages.macysassets.com/is/image/MCY/products/8/optimized/27185198_fpx.tif?op_sharpen=1&wid=700&hei=855&fit=fit,1",
        "Price": 29.99,
        "Listing_Link": "https://www.macys.com/shop/product/columbia-mens-carter-crest-stretch-upf-50-performance-shorts?ID=16611581&isDlp=true",
        "Clothes_ID": 49
    },
    {
        "Type": "skirts",
        "Fabric": "cotton",
        "Color": "black",
        "Size": "S",
        "Pattern / Style": "solid colors",
        "Style": "casual",
        "Season": "spring",
        "Function": "casual wear",
        "Fit": "relaxed fit",
        "Brand Type": "mass-market brands",
        "Gender": "female",
        "Image": "skirts_0.jpg",
        "Image_URL": "https://slimages.macysassets.com/is/image/MCY/products/4/optimized/26156834_fpx.tif?op_sharpen=1&wid=700&hei=855&fit=fit,1",
        "Price": 34.99,
        "Listing_Link": "https://www.macys.com/shop/product/white-mark-womens-pleated-tiered-maxi-skirt?ID=17156051&isDlp=true",
        "Clothes_ID": 50
    },
    {
        "Type": "skirts",
        "Fabric": "polyester",
        "Color": "pink",
        "Size": "null",
        "Pattern / Style": "abstract",
        "Style": "casual",
        "Season": "spring",
        "Function": "casual wear",
        "Fit": "slim fit",
        "Brand Type": "mass-market brands",
        "Gender": "female",
        "Image": "skirts_1.jpg",
        "Image_URL": "https://slimages.macysassets.com/is/image/MCY/products/5/optimized/26816565_fpx.tif?op_sharpen=1&wid=700&hei=855&fit=fit,1",
        "Price": 89.4,
        "Listing_Link": "https://www.macys.com/shop/product/dkny-moto-jacket-sparkle-sleeveless-top-pleated-skirt?ID=17670354&isDlp=true",
        "Clothes_ID": 51
    },
    {
        "Type": "skirts",
        "Fabric": "rayon",
        "Color": "green",
        "Size": "M",
        "Pattern / Style": "solid colors",
        "Style": "casual",
        "Season": "summer",
        "Function": "everyday wear",
        "Fit": "relaxed fit",
        "Brand Type": "mass-market brands",
        "Gender": "female",
        "Image": "skirts_2.jpg",
        "Image_URL": "https://slimages.macysassets.com/is/image/MCY/products/6/optimized/25175056_fpx.tif?op_sharpen=1&wid=700&hei=855&fit=fit,1",
        "Price": 29.0,
        "Listing_Link": "https://www.macys.com/shop/product/womens-tiered-maxi-skirt?ID=14472304&isDlp=true",
        "Clothes_ID": 52
    },
    {
        "Type": "skirts",
        "Fabric": "spandex",
        "Color": "black",
        "Size": "M",
        "Pattern / Style": "solid colors",
        "Style": "casual",
        "Season": "all-season",
        "Function": "everyday wear",
        "Fit": "relaxed fit",
        "Brand Type": "mass-market brands",
        "Gender": "female",
        "Image": "skirts_3.jpg",
        "Image_URL": "https://slimages.macysassets.com/is/image/MCY/products/3/optimized/24172843_fpx.tif?op_sharpen=1&wid=700&hei=855&fit=fit,1",
        "Price": 25.0,
        "Listing_Link": "https://www.macys.com/shop/product/24seven-comfort-apparel-womens-elastic-waistband-pocket-midi-skirt?ID=16037400&isDlp=true",
        "Clothes_ID": 53
    },
    {
        "Type": "skirts",
        "Fabric": "polyester",
        "Color": "black",
        "Size": "M",
        "Pattern / Style": "solid colors",
        "Style": "formal",
        "Season": "all-season",
        "Function": "workwear",
        "Fit": "slim fit",
        "Brand Type": "mass-market brands",
        "Gender": "female",
        "Image": "skirts_4.jpg",
        "Image_URL": "https://slimages.macysassets.com/is/image/MCY/products/7/optimized/12326987_fpx.tif?op_sharpen=1&wid=700&hei=855&fit=fit,1",
        "Price": 33.99,
        "Listing_Link": "https://www.macys.com/shop/product/kasper-crepe-pencil-midi-skirt?ID=1834425&isDlp=true",
        "Clothes_ID": 54
    },
    {
        "Type": "dress",
        "Fabric": "polyester",
        "Color": "pink",
        "Size": "S",
        "Pattern / Style": "solid colors",
        "Style": "formal",
        "Season": "spring",
        "Function": "formal wear",
        "Fit": "slim fit",
        "Brand Type": "mass-market brands",
        "Gender": "female",
        "Image": "dress_0.jpg",
        "Image_URL": "https://slimages.macysassets.com/is/image/MCY/products/0/optimized/27562880_fpx.tif?op_sharpen=1&wid=700&hei=855&fit=fit,1",
        "Price": 198.0,
        "Listing_Link": "https://www.macys.com/shop/product/dress-the-population-iris-high-slit-evening-gown?ID=12909647&isDlp=true",
        "Clothes_ID": 55
    },
    {
        "Type": "dress",
        "Fabric": "polyester",
        "Color": "blue",
        "Size": "M",
        "Pattern / Style": "floral",
        "Style": "formal",
        "Season": "all-season",
        "Function": "party wear",
        "Fit": "slim fit",
        "Brand Type": "mass-market brands",
        "Gender": "female",
        "Image": "dress_1.jpg",
        "Image_URL": "https://slimages.macysassets.com/is/image/MCY/products/0/optimized/16532670_fpx.tif?op_sharpen=1&wid=700&hei=855&fit=fit,1",
        "Price": 279.0,
        "Listing_Link": "https://www.macys.com/shop/product/betsy-adam-womens-embellished-chiffon-illusion-gown?ID=10529899&isDlp=true",
        "Clothes_ID": 56
    },
    {
        "Type": "dress",
        "Fabric": "polyester",
        "Color": "green",
        "Size": "S",
        "Pattern / Style": "solid colors",
        "Style": "formal",
        "Season": "all-season",
        "Function": "formal wear",
        "Fit": "relaxed fit",
        "Brand Type": "mass-market brands",
        "Gender": "female",
        "Image": "dress_2.jpg",
        "Image_URL": "https://slimages.macysassets.com/is/image/MCY/products/1/optimized/14409861_fpx.tif?op_sharpen=1&wid=700&hei=855&fit=fit,1",
        "Price": 279.0,
        "Listing_Link": "https://www.macys.com/shop/product/xscape-satin-gown?ID=9885455&isDlp=true",
        "Clothes_ID": 57
    },
    {
        "Type": "dress",
        "Fabric": "polyester",
        "Color": "orange",
        "Size": "S",
        "Pattern / Style": "solid colors",
        "Style": "casual",
        "Season": "spring",
        "Function": "casual wear",
        "Fit": "slim fit",
        "Brand Type": "mass-market brands",
        "Gender": "female",
        "Image": "dress_3.jpg",
        "Image_URL": "https://slimages.macysassets.com/is/image/MCY/products/3/optimized/27741493_fpx.tif?op_sharpen=1&wid=700&hei=855&fit=fit,1",
        "Price": 68.99,
        "Listing_Link": "https://www.macys.com/shop/product/calvin-klein-womens-belted-a-line-dress?ID=18089634&isDlp=true",
        "Clothes_ID": 58
    },
    {
        "Type": "dress",
        "Fabric": "polyester",
        "Color": "pastel",
        "Size": "M",
        "Pattern / Style": "floral",
        "Style": "casual",
        "Season": "spring",
        "Function": "casual wear",
        "Fit": "relaxed fit",
        "Brand Type": "mass-market brands",
        "Gender": "female",
        "Image": "dress_4.jpg",
        "Image_URL": "https://slimages.macysassets.com/is/image/MCY/products/6/optimized/24923676_fpx.tif?op_sharpen=1&wid=700&hei=855&fit=fit,1",
        "Price": 698.0,
        "Listing_Link": "https://www.macys.com/shop/product/embroidered-v-neck-cap-sleeve-midi-dress?ID=16406775&isDlp=true",
        "Clothes_ID": 59
    },
    {
        "Type": "trousers",
        "Fabric": "spandex",
        "Color": "black",
        "Size": "M",
        "Pattern / Style": "solid colors",
        "Style": "casual",
        "Season": "all-season",
        "Function": "everyday wear",
        "Fit": "slim fit",
        "Brand Type": "mass-market brands",
        "Gender": "female",
        "Image": "trousers_0.jpg",
        "Image_URL": "https://slimages.macysassets.com/is/image/MCY/products/5/optimized/24196415_fpx.tif?op_sharpen=1&wid=700&hei=855&fit=fit,1",
        "Price": 29.75,
        "Listing_Link": "https://www.macys.com/shop/product/i.n.c.-international-concepts-womens-tummy-control-pull-on-straight-leg-pants-created-for-macys?ID=15956565&isDlp=true",
        "Clothes_ID": 60
    },
    {
        "Type": "trousers",
        "Fabric": "cotton",
        "Color": "blue",
        "Size": "M",
        "Pattern / Style": "solid colors",
        "Style": "casual",
        "Season": "spring",
        "Function": "everyday wear",
        "Fit": "slim fit",
        "Brand Type": "luxury brands",
        "Gender": "men",
        "Image": "trousers_1.jpg",
        "Image_URL": "https://slimages.macysassets.com/is/image/MCY/products/8/optimized/23850378_fpx.tif?op_sharpen=1&wid=700&hei=855&fit=fit,1",
        "Price": 185.99,
        "Listing_Link": "https://www.macys.com/shop/product/polo-ralph-lauren-mens-linen-suit-trousers?ID=14725682&isDlp=true",
        "Clothes_ID": 61
    },
    {
        "Type": "trousers",
        "Fabric": "polyester",
        "Color": "white",
        "Size": "M",
        "Pattern / Style": "solid colors",
        "Style": "formal",
        "Season": "all-season",
        "Function": "workwear",
        "Fit": "relaxed fit",
        "Brand Type": "mass-market brands",
        "Gender": "female",
        "Image": "trousers_2.jpg",
        "Image_URL": "https://slimages.macysassets.com/is/image/MCY/products/8/optimized/24901018_fpx.tif?op_sharpen=1&wid=700&hei=855&fit=fit,1",
        "Price": 175.0,
        "Listing_Link": "https://www.macys.com/shop/product/lauren-ralph-lauren-womens-double-faced-georgette-wide-leg-pants?ID=16155077&isDlp=true",
        "Clothes_ID": 62
    },
    {
        "Type": "trousers",
        "Fabric": "polyester",
        "Color": "blue",
        "Size": "M",
        "Pattern / Style": "solid colors",
        "Style": "formal",
        "Season": "all-season",
        "Function": "workwear",
        "Fit": "slim fit",
        "Brand Type": "mass-market brands",
        "Gender": "female",
        "Image": "trousers_3.jpg",
        "Image_URL": "https://slimages.macysassets.com/is/image/MCY/products/7/optimized/24881597_fpx.tif?op_sharpen=1&wid=700&hei=855&fit=fit,1",
        "Price": 29.75,
        "Listing_Link": "https://www.macys.com/shop/product/i.n.c.-international-concepts-womens-mid-rise-l-pocket-straight-leg-pants-regular-long-short-lengths-created-for-macys?ID=15956562&isDlp=true",
        "Clothes_ID": 63
    },
    {
        "Type": "trousers",
        "Fabric": "polyester",
        "Color": "black",
        "Size": "M",
        "Pattern / Style": "solid colors",
        "Style": "formal",
        "Season": "all-season",
        "Function": "workwear",
        "Fit": "slim fit",
        "Brand Type": "mass-market brands",
        "Gender": "female",
        "Image": "trousers_4.jpg",
        "Image_URL": "https://slimages.macysassets.com/is/image/MCY/products/7/optimized/9020267_fpx.tif?op_sharpen=1&wid=700&hei=855&fit=fit,1",
        "Price": 38.99,
        "Listing_Link": "https://www.macys.com/shop/product/kasper-womens-stretch-crepe-straight-leg-pants?ID=11127704&isDlp=true",
        "Clothes_ID": 64
    },
    {
        "Type": "leggings",
        "Fabric": "spandex",
        "Color": "black",
        "Size": "S",
        "Pattern / Style": "null",
        "Style": "casual",
        "Season": "all-season",
        "Function": "activewear",
        "Fit": "slim fit",
        "Brand Type": "mass-market brands",
        "Gender": "female",
        "Image": "leggings_0.jpg",
        "Image_URL": "https://slimages.macysassets.com/is/image/MCY/products/5/optimized/26460755_fpx.tif?op_sharpen=1&wid=700&hei=855&fit=fit,1",
        "Price": 27.99,
        "Listing_Link": "https://www.macys.com/shop/product/nike-womens-sportswear-classic-high-waisted-7-8-leggings?ID=16498112&isDlp=true",
        "Clothes_ID": 65
    },
    {
        "Type": "leggings",
        "Fabric": "polyester",
        "Color": "black",
        "Size": "S",
        "Pattern / Style": "solid colors",
        "Style": "casual",
        "Season": "all-season",
        "Function": "activewear",
        "Fit": "slim fit",
        "Brand Type": "mass-market brands",
        "Gender": "female",
        "Image": "leggings_1.jpg",
        "Image_URL": "https://slimages.macysassets.com/is/image/MCY/products/3/optimized/25446033_fpx.tif?op_sharpen=1&wid=700&hei=855&fit=fit,1",
        "Price": 50.0,
        "Listing_Link": "https://www.macys.com/shop/product/nike-pro-womens-365-dri-fit-bottoms?ID=16810752&isDlp=true",
        "Clothes_ID": 66
    },
    {
        "Type": "leggings",
        "Fabric": "spandex",
        "Color": "black",
        "Size": "M",
        "Pattern / Style": "solid colors",
        "Style": "casual",
        "Season": "all-season",
        "Function": "activewear",
        "Fit": "slim fit",
        "Brand Type": "mass-market brands",
        "Gender": "female",
        "Image": "leggings_2.jpg",
        "Image_URL": "https://slimages.macysassets.com/is/image/MCY/products/3/optimized/27070083_fpx.tif?op_sharpen=1&wid=700&hei=855&fit=fit,1",
        "Price": 35.7,
        "Listing_Link": "https://www.macys.com/shop/product/dkny-sport-high-rise-rhinestone-stripe-7-8-leggings?ID=17518480&isDlp=true",
        "Clothes_ID": 67
    },
    {
        "Type": "leggings",
        "Fabric": "spandex",
        "Color": "black",
        "Size": "S",
        "Pattern / Style": "solid colors",
        "Style": "casual",
        "Season": "all-season",
        "Function": "activewear",
        "Fit": "slim fit",
        "Brand Type": "mass-market brands",
        "Gender": "female",
        "Image": "leggings_3.jpg",
        "Image_URL": "https://slimages.macysassets.com/is/image/MCY/products/7/optimized/25490297_fpx.tif?op_sharpen=1&wid=700&hei=855&fit=fit,1",
        "Price": 18.99,
        "Listing_Link": "https://www.macys.com/shop/product/dkny-sport-womens-performance-seamless-solid-leggings?ID=15655604&isDlp=true",
        "Clothes_ID": 68
    },
    {
        "Type": "leggings",
        "Fabric": "spandex",
        "Color": "black",
        "Size": "M",
        "Pattern / Style": "stripes",
        "Style": "casual",
        "Season": "all-season",
        "Function": "activewear",
        "Fit": "slim fit",
        "Brand Type": "mass-market brands",
        "Gender": "female",
        "Image": "leggings_4.jpg",
        "Image_URL": "https://slimages.macysassets.com/is/image/MCY/products/5/optimized/27590105_fpx.tif?op_sharpen=1&wid=700&hei=855&fit=fit,1",
        "Price": 42.0,
        "Listing_Link": "https://www.macys.com/shop/product/adidas-womens-optime-moisture-wicking-3-stripe-7-8-leggings?ID=16291145&isDlp=true",
        "Clothes_ID": 69
    }
]